{
    "isheader" : false,
    "data" : 
	{
	"type": "structured",
	"name": "/home/xuanhuang/Desktop/ocean_data/salinity/ocean_90_777_665_t432_float32.raw",
	"dims": [665, 777, 90],
	"world_bbox": [10, 10, 10],
	"frameRange": [0, 1]
	}
    ,
    
    "camera" : [
        {
            "frame": 0,
            "pos": [
                3.0078139305114746,
                0.6233413219451904,
                -5.462575912475586
            ],
            "dir": [
                0.12939223647117615,
                0.6045031547546387,
                0.786026120185852
            ],
            "up": [
                0.09379451721906662,
                0.7816742658615112,
                -0.6165964007377625
            ]
        }
    ],
    
    "transferFunc" : [
    	{
    		"frame":0,
    		"range" : [32.8, 37.8],
    		"colors" : [0, 0, 0.562493,  0, 0, 1,  0, 1, 1,  0.500008, 1, 0.500008,  1, 1, 0,  1, 0, 0,  0.500008, 0, 0],
    		"opacities": [0.0,
            0.13951373100280762,
            0.27902746200561523,
            0.41854119300842285,
            0.5580549240112305,
            0.6975686550140381,
            0.8370823860168457,
            0.9765961170196533,
            1.116109848022461,
            1.2556235790252686,
            1.3951373100280762,
            1.5346510410308838,
            1.6741647720336914,
            1.813678503036499,
            1.9531922340393066,
            2.0927059650421143,
            2.232219696044922,
            2.3717334270477295,
            2.511247158050537,
            2.6507608890533447,
            2.7902746200561523,
            2.92978835105896,
            3.0693020820617676,
            3.208815813064575,
            3.348329544067383,
            3.4878432750701904,
            3.627357006072998,
            3.7668707370758057,
            3.9063844680786133,
            4.045897960662842,
            4.1854119300842285,
            4.324925422668457,
            4.464439392089844,
            4.6039533615112305,
            4.743466854095459,
            4.882980823516846,
            5.022494316101074,
            5.162008285522461,
            5.3015217781066895,
            5.441035747528076,
            5.580549240112305,
            5.720062732696533,
            5.85957670211792,
            5.999090194702148,
            6.138604164123535,
            6.278117656707764,
            6.41763162612915,
            6.557145118713379,
            6.696659088134766,
            6.836172580718994,
            6.975686550140381,
            7.115200042724609,
            7.254714012145996,
            7.394227504730225,
            7.533741474151611,
            7.67325496673584,
            7.812768936157227,
            7.952282428741455,
            8.091795921325684,
            8.23130989074707,
            8.370823860168457,
            8.510336875915527,
            8.649850845336914,
            8.7893648147583,
            8.928878784179688,
            9.068392753601074,
            9.207906723022461,
            9.347419738769531,
            9.486933708190918,
            9.626447677612305,
            9.765961647033691,
            9.905474662780762,
            10.044988632202148,
            10.184502601623535,
            10.324016571044922,
            10.463529586791992,
            10.603043556213379,
            10.742557525634766,
            10.882071495056152,
            11.021584510803223,
            11.16109848022461,
            11.300612449645996,
            11.440125465393066,
            11.579639434814453,
            11.71915340423584,
            11.858667373657227,
            11.998180389404297,
            12.137694358825684,
            12.27720832824707,
            12.416722297668457,
            12.556235313415527,
            12.695749282836914,
            12.8352632522583,
            12.974777221679688,
            13.114290237426758,
            13.253804206848145,
            13.393318176269531,
            13.532832145690918,
            13.672345161437988,
            13.811859130859375,
            13.951373100280762,
            14.090886116027832,
            14.230400085449219,
            14.369914054870605,
            14.509428024291992,
            14.648941040039063,
            14.78845500946045,
            14.927968978881836,
            15.067482948303223,
            15.206995964050293,
            15.34650993347168,
            15.486023902893066,
            15.625537872314453,
            15.765050888061523,
            15.90456485748291,
            16.044078826904297,
            16.183591842651367,
            16.32310676574707,
            16.46261978149414,
            16.60213279724121,
            16.741647720336914,
            16.881160736083984,
            17.020673751831055,
            17.160188674926758,
            17.299701690673828,
            17.43921661376953,
            17.5787296295166]
    	}
    ]
}
