{
    "isheader" : false,
    "data" : 
	{
	"type": "unstructured",
	"name": "<path to test_mesh>",
	"dims": [2180, 810, 12],
	"world_bbox": [10, 10, 10],
	"frameRange": [0, 10]
	}
    ,
    
    "camera" : [
        {
            "frame": 11,
            "pos": [0, 0.2, -1],
            "dir": [0, 0, 1],
            "up": [0, 1, 0]
        },
        {
            "frame": 20,
            "pos": [5, 2, -10],
            "dir": [0, 0, 1],
            "up": [0, 1, 0]
        }
    ],
    
    "transferFunc" : [
    	{
    		"frame":0,
    		"range" : [-1, 1],
    		"colors" : [0, 0, 0.562493,  0, 0, 1,  0, 1, 1,  0.500008, 1, 0.500008,  1, 1, 0,  1, 0, 0,  0.500008, 0, 0],
    		"opacities": [1.0, 1.0, 1.0, 1.0, 1.0, 0.0, 1.0, 1.0, 1.0, 1.0, 1.0]
    	}
    ]
    
}
