{
    "data" : 
	{
	"type": "unstructured",
	"name": "/home/alpers/Desktop/Data/jets.umesh",
	"dims": [2180, 810, 12],
	"zMapping": [0, 1, 1.5, 3, 4, 5, 6, 7, 8, 9, 10, 15],
	"frameRange": [0, 10]
	}
    ,
    
    "camera" : [
        {
            "pos": [130, 150, 150],
            "dir": [-1, -1, -1],
            "up": [0, 1, 0]
        },
        {
            "pos": [140, 110, -10],
            "dir": [-1, -1, 1],
            "up": [0, -1, 0]
        }
    ],
    
    "transferFunc" : [
    	{
    		"range" : [242616.000000, 259745.000000],
    		"colors" : [1.0, 0.0, 0.0, 0.0, 1.0, 0.0, 0.0, 0.0, 1.0],
    		"opacities": [1.0, 1.0, 0.0, 0.0, 0.0, 1.0, 1.0]
    	}
    ]
}
